{
  "src": [
    "assets/songs/aloosh/aloosh.webm",
    "assets/songs/aloosh/aloosh.mp3"
  ],
  "sprite": {
    "bass": [
      0,
      187272.0181405896
    ],
    "drums": [
      189000,
      187272.0181405896
    ],
    "fx": [
      378000,
      187272.0181405896
    ],
    "gtrLead": [
      567000,
      187272.0181405896
    ],
    "gtrRhythm": [
      756000,
      187272.0181405896
    ],
    "perc": [
      945000,
      187272.0181405896
    ],
    "synths": [
      1134000,
      187272.0181405896
    ],
    "vocalBacking": [
      1323000,
      187272.0181405896
    ],
    "vocalLead": [
      1512000,
      187272.0181405896
    ]
  }
}