{
  "src": [
    "/assets/songs/aloosh/aloosh.webm",
    "/assets/songs/aloosh/aloosh.mp3"
  ],
  "sprite": {
    "bass": [
      0,
      47472.53968253968
    ],
    "drums": [
      49000,
      47472.53968253969
    ],
    "fx": [
      98000,
      47472.53968253969
    ],
    "gtrLead": [
      147000,
      47472.53968253969
    ],
    "gtrRhythm": [
      196000,
      47472.53968253969
    ],
    "perc": [
      245000,
      47472.53968253966
    ],
    "synths": [
      294000,
      47472.53968253966
    ],
    "vocalBacking": [
      343000,
      47472.53968253966
    ],
    "vocalLead": [
      392000,
      47472.53968253966
    ]
  }
}