{
  "src": [
    "escapeSprite.webm",
    "escapeSprite.mp3"
  ],
  "sprite": {
    "bass": [
      0,
      188040
    ],
    "drums": [
      190000,
      188039.99999999997
    ],
    "fx": [
      380000,
      188039.99999999997
    ],
    "gtrLead": [
      570000,
      188039.99999999997
    ],
    "gtrRhythm": [
      760000,
      188039.99999999997
    ],
    "perc": [
      950000,
      188039.99999999997
    ],
    "synths": [
      1140000,
      188039.99999999997
    ],
    "vocalBacking": [
      1330000,
      188039.99999999997
    ],
    "vocalLead": [
      1520000,
      188039.99999999997
    ]
  }
}